Booktitle,Price,Ratings
My First Library: Boxset of 10 Board Books for Kids,₹ 399.00,4.6 out of 5 stars
My First Book of Patterns Pencil Control: Patterns…,₹ 89.00,
Indian Polity - For Civil Services and Other State…,₹ 600.00,4.5 out of 5 stars
World’s Greatest Books For Personal Growth &…,₹ 299.00,
Karma: A Yogi's Guide to Crafting Your Destiny…,₹ 259.00,4.4 out of 5 stars
Grandma's Bag of Stories: Collection of 20+…,₹ 191.00,
Quantitative Aptitude for Competitive Examinations,₹ 465.00,4.6 out of 5 stars
Writing Practice Boxset: Pack of 4 Books (Writing…,₹ 159.00,
The Power of Your Subconscious Mind,₹ 119.00,
Word Power Made Easy,₹ 91.00,
Mathematics for Class 10 by R D Sharma…,₹ 499.00,4.5 out of 5 stars
Mathematics for Class 11 (set of 2 volumes)…,₹ 550.00,
The Psychology of Money,₹ 347.00,
26 Years UPSC IAS/ IPS Prelims Topic-wise…,₹ 325.00,4.6 out of 5 stars
The Alchemist,₹ 229.00,
General Knowledge,₹ 168.00,4.4 out of 5 stars
Very First Sight Words Sentences Level - 1,₹ 180.00,
Oxford Student Atlas for India - Third Edition,₹ 210.00,4.3 out of 5 stars
101 Panchatantra Stories for Children: Colourful…,₹ 135.00,
Rich Dad Poor Dad: What the Rich Teach Their…,₹ 444.00,4.5 out of 5 stars
Atomic Habits: The life-changing million copy…,₹ 679.00,
Objective NCERT at your FINGERTIPS for NEET…,₹ 556.00,4.4 out of 5 stars
Picture Books Collection for Early Learning (Set…,₹ 242.00,
One Arranged Murder,₹ 150.00,4.6 out of 5 stars
101 Brain Booster Activity Book: Fun Activity Book…,₹ 129.00,
Reasoning Book With Piyush Varshney (Hindi…,₹ 450.00,4.6 out of 5 stars
Life's Amazing Secrets: How to Find Balance and…,₹ 215.00,
Lines and Curves (Pattern Writing) - Part 1,₹ 60.00,4.6 out of 5 stars
"The Magic of the Lost Temple: Illustrated, easy to…",₹ 133.00,
Attitude Is Everything: Change Your Attitude ...…,₹ 161.00,4.5 out of 5 stars
My First 1000 Words: Early Learning Picture Book…,₹ 149.00,
Brain Games for Clever Kids: Puzzles to Exercise…,₹ 199.00,4.6 out of 5 stars
The Intelligent Investor (English) Paperback – 2013,₹ 518.00,
A Modern Approach to Verbal & Non-Verbal…,₹ 549.00,4.4 out of 5 stars
NCERT Textbooks in English for class 12…,₹ 94.00,
Concept of Physics Part-1 (2019-2020 Session)…,₹ 347.00,4.5 out of 5 stars
Word Power Made Easy,₹ 146.00,
Man's Search For Meaning: The classic tribute to…,₹ 180.00,4.6 out of 5 stars
Sapiens: A Brief History of Humankind,₹ 398.00,
Mathematics for Class 9 by R D Sharma…,₹ 410.00,4.4 out of 5 stars
The Richest Man in Babylon,₹ 99.00,
Moral Story Books for Kids (Pack of 10 Books) |…,₹ 225.00,4.6 out of 5 stars
A Brief History of Modern India (2019-2020…,₹ 395.00,
The Diary of a Young Girl,₹ 99.00,4.6 out of 5 stars
The Blue Umbrella,₹ 95.00,
My Activity- ABC Colouring Book,₹ 60.00,4.7 out of 5 stars
Pride & Prejudice,₹ 99.00,
T.S. Grewal's Double Entry Book Keeping:…,₹ 455.00,4.2 out of 5 stars
Think Like a Monk: The secret of how to harness…,₹ 300.00,
